{"cameraMode":{"drawMode":0,"name":"Shaded","section":"Shading Mode"},"sceneLighting":true,"audioPlay":false,"sceneViewState":{"m_AlwaysRefresh":false,"showFog":true,"showSkybox":true,"showFlares":true,"showImageEffects":true,"showParticleSystems":true,"showVisualEffectGraphs":true,"m_FxEnabled":true},"in2DMode":false,"pivot":{"x":-2.1527011394500734,"y":5.500782012939453,"z":-3.787599563598633},"rotation":{"x":0.14300136268138886,"y":0.25377383828163149,"z":-0.03796464577317238,"w":0.9558824896812439},"size":3.7827517986297609,"orthographic":false}