{"cameraMode":{"drawMode":0,"name":"Shaded","section":"Shading Mode"},"sceneLighting":true,"audioPlay":false,"sceneViewState":{"m_AlwaysRefresh":false,"showFog":true,"showSkybox":true,"showFlares":true,"showImageEffects":true,"showParticleSystems":true,"showVisualEffectGraphs":true,"m_FxEnabled":true},"in2DMode":false,"pivot":{"x":4.588752746582031,"y":-1.4800984859466553,"z":16.17329978942871},"rotation":{"x":-0.07431431114673615,"y":-0.15581707656383515,"z":0.011757013387978077,"w":-0.9849183559417725},"size":10.833101272583008,"orthographic":false}