{"cameraMode":{"drawMode":0,"name":"Shaded","section":"Shading Mode"},"sceneLighting":true,"audioPlay":false,"sceneViewState":{"m_AlwaysRefresh":false,"showFog":true,"showSkybox":true,"showFlares":true,"showImageEffects":true,"showParticleSystems":true,"showVisualEffectGraphs":true,"m_FxEnabled":true},"in2DMode":false,"pivot":{"x":-0.17663359642028809,"y":0.1654297113418579,"z":0.5708138942718506},"rotation":{"x":-0.045055363327264789,"y":0.9531834721565247,"z":-0.17967106401920319,"w":-0.23902520537376405},"size":2.2486748695373537,"orthographic":false}