{"cameraMode":{"drawMode":0,"name":"Shaded","section":"Shading Mode"},"sceneLighting":true,"audioPlay":false,"sceneViewState":{"m_AlwaysRefresh":false,"showFog":true,"showSkybox":true,"showFlares":true,"showImageEffects":true,"showParticleSystems":true,"showVisualEffectGraphs":true,"m_FxEnabled":true},"in2DMode":false,"pivot":{"x":12.332208633422852,"y":4.654684066772461,"z":14.639286041259766},"rotation":{"x":-0.07431431114673615,"y":-0.15581707656383515,"z":0.011757013387978077,"w":-0.9849183559417725},"size":17.1679744720459,"orthographic":false}