{"cameraMode":{"drawMode":0,"name":"Shaded","section":"Shading Mode"},"sceneLighting":false,"audioPlay":false,"sceneViewState":{"m_AlwaysRefresh":false,"showFog":true,"showSkybox":false,"showFlares":true,"showImageEffects":true,"showParticleSystems":true,"showVisualEffectGraphs":true,"m_FxEnabled":true},"in2DMode":false,"pivot":{"x":0.550000011920929,"y":5.550000190734863,"z":-0.550000011920929},"rotation":{"x":0.25621074438095095,"y":-0.12397962808609009,"z":0.033155735582113269,"w":0.9580678343772888},"size":1.1580158472061158,"orthographic":false}