{"cameraMode":{"drawMode":0,"name":"Shaded","section":"Shading Mode"},"sceneLighting":true,"audioPlay":false,"sceneViewState":{"m_AlwaysRefresh":false,"showFog":true,"showSkybox":true,"showFlares":true,"showImageEffects":true,"showParticleSystems":true,"showVisualEffectGraphs":true,"m_FxEnabled":true},"in2DMode":false,"pivot":{"x":-2.5665230751037599,"y":-0.5112197399139404,"z":-6.6181721687316898},"rotation":{"x":-0.09626229107379914,"y":0.8741440773010254,"z":-0.19346606731414796,"w":-0.43494510650634768},"size":8.390144348144532,"orthographic":false}